data_hora;maquina;componente;tipo;valor;uni_medida
2026-09-28 16:43:27;Felipe Amoroso;CPU;Uso;7,2;%
2026-09-28 16:43:27;Felipe Amoroso;CPU;Frequência;1453,0;Hz
2026-09-28 16:43:27;Felipe Amoroso;RAM;Uso;86,8;%
2026-09-28 16:43:27;Felipe Amoroso;RAM;Total;8;Gb
2026-09-28 16:43:27;Felipe Amoroso;RAM;Disponível;1;Gb
2026-09-28 16:43:27;Felipe Amoroso;RAM;Em uso;7;Gb
2026-09-28 16:43:27;Felipe Amoroso;DISCO;Uso;19,8;%
2026-09-28 16:43:27;Felipe Amoroso;DISCO;Total;475;Gb
2026-09-28 16:43:27;Felipe Amoroso;DISCO;Disponível;381;Gb
2026-09-28 16:43:27;Felipe Amoroso;DISCO;Em uso;94;Gb
2026-09-28 16:43:27;Felipe Amoroso;REDE;Download;385,66;MB
2026-09-28 16:43:27;Felipe Amoroso;REDE;Upload;45,22;MB
2026-09-28 16:43:32;Felipe Amoroso;CPU;Uso;8,3;%
2026-09-28 16:43:32;Felipe Amoroso;CPU;Frequência;2100,0;Hz
2026-09-28 16:43:32;Felipe Amoroso;RAM;Uso;86,5;%
2026-09-28 16:43:32;Felipe Amoroso;RAM;Total;8;Gb
2026-09-28 16:43:32;Felipe Amoroso;RAM;Disponível;1;Gb
2026-09-28 16:43:32;Felipe Amoroso;RAM;Em uso;7;Gb
2026-09-28 16:43:32;Felipe Amoroso;DISCO;Uso;19,8;%
2026-09-28 16:43:32;Felipe Amoroso;DISCO;Total;475;Gb
2026-09-28 16:43:32;Felipe Amoroso;DISCO;Disponível;381;Gb
2026-09-28 16:43:32;Felipe Amoroso;DISCO;Em uso;94;Gb
2026-09-28 16:43:32;Felipe Amoroso;REDE;Download;385,69;MB
2026-09-28 16:43:32;Felipe Amoroso;REDE;Upload;45,22;MB2026-09-28 17:00:25;Gabryel;CPU;Uso;12,1;%
2026-09-28 17:00:25;Gabryel;CPU;Frequência;2200,0;Hz
2026-09-28 17:00:25;Gabryel;RAM;Uso;89,8;%
2026-09-28 17:00:25;Gabryel;RAM;Total;8;Gb
2026-09-28 17:00:25;Gabryel;RAM;Disponível;1;Gb
2026-09-28 17:00:25;Gabryel;RAM;Em uso;7;Gb
2026-09-28 17:00:25;Gabryel;DISCO;Uso;73,9;%
2026-09-28 17:00:25;Gabryel;DISCO;Total;476;Gb
2026-09-28 17:00:25;Gabryel;DISCO;Disponível;124;Gb
2026-09-28 17:00:25;Gabryel;DISCO;Em uso;352;Gb
2026-09-28 17:00:25;Gabryel;REDE;Download;84,96;MB
2026-09-28 17:00:25;Gabryel;REDE;Upload;34,2;MB
2026-09-28 17:01:17;Gabryel;CPU;Uso;6,0;%
2026-09-28 17:01:17;Gabryel;CPU;Frequência;2200,0;Hz
2026-09-28 17:01:17;Gabryel;RAM;Uso;88,4;%
2026-09-28 17:01:17;Gabryel;RAM;Total;8;Gb
2026-09-28 17:01:17;Gabryel;RAM;Disponível;1;Gb
2026-09-28 17:01:17;Gabryel;RAM;Em uso;7;Gb
2026-09-28 17:01:17;Gabryel;DISCO;Uso;73,9;%
2026-09-28 17:01:17;Gabryel;DISCO;Total;476;Gb
2026-09-28 17:01:17;Gabryel;DISCO;Disponível;124;Gb
2026-09-28 17:01:17;Gabryel;DISCO;Em uso;352;Gb
2026-09-28 17:01:17;Gabryel;REDE;Download;85,61;MB
2026-09-28 17:01:17;Gabryel;REDE;Upload;34,45;MB
